{"cameraMode":{"drawMode":0,"name":"Shaded","section":"Shading Mode"},"sceneLighting":false,"audioPlay":false,"sceneViewState":{"m_AlwaysRefresh":false,"showFog":true,"showSkybox":false,"showFlares":true,"showImageEffects":true,"showParticleSystems":true,"showVisualEffectGraphs":true,"m_FxEnabled":true},"in2DMode":false,"pivot":{"x":1.2646666765213013,"y":5.225929260253906,"z":-0.5639393329620361},"rotation":{"x":0.000656747433822602,"y":0.9993222951889038,"z":-0.022798333317041398,"w":0.028789430856704713},"size":2.1190717220306398,"orthographic":false}